{
  "session_id": "session_1765979685",
  "session_start": 1765979685.7540188,
  "session_duration": 341.5611524581909,
  "total_steps": 0,
  "trajectory": []
}