{
  "session_id": "session_1765978848",
  "session_start": 1765978848.8439138,
  "session_duration": 423.6921660900116,
  "total_steps": 0,
  "trajectory": []
}